200.0,78.0
201.0,75.358
202.0,68.423
203.0,74.7372
204.0,74.7362
205.0,71.4712
206.0,68.8436
207.0,71.9968
208.0,68.8373
209.0,72.6445
210.0,73.0363
211.0,68.3207
212.0,69.9005
213.0,65.5557
214.0,67.1874
215.0,68.713
216.0,65.102
217.0,58.7779
218.0,62.163
219.0,64.0
220.0,61.2389
221.0,54.4035
222.0,59.1503
223.0,60.0
224.0,60.882
225.0,61.0696
226.0,58.0
227.0,58.0
228.0,59.2146
229.0,63.1949
230.0,66.4647
231.0,60.1205
232.0,58.4453
233.0,55.7229
234.0,55.4465
235.0,58.0
236.0,58.0
237.0,56.5202
238.0,54.935
239.0,56.6011
240.0,60.1064
241.0,47.3979
242.0,61.5274
243.0,64.0063
244.0,60.0
245.0,59.481
246.0,54.719
247.0,54.0
248.0,54.9364
249.0,55.4742
250.0,54.2286
251.0,57.4032
252.0,56.7101
253.0,60.3994
254.0,64.1176
255.0,57.9396
256.0,56.3511
257.0,57.2385
258.0,56.3408
259.0,53.5787
260.0,52.0668
261.0,61.6057
262.0,53.2745
263.0,50.7006
264.0,55.747
265.0,46.2005
266.0,56.9124
267.0,56.5434
268.0,54.7446
269.0,56.672
270.0,59.8567
271.0,58.4769
272.0,56.8838
273.0,56.0
274.0,55.6983
275.0,54.1022
276.0,46.5418
277.0,46.1705
278.0,51.3971
279.0,56.6284
280.0,48.6539
281.0,52.3923
282.0,50.8204
283.0,49.9665
284.0,52.9968
285.0,46.607
286.0,51.7735
287.0,54.0
288.0,52.0861
289.0,48.2332
290.0,49.8307
291.0,55.7125
292.0,55.9489
293.0,52.753
294.0,50.4441
295.0,53.639
296.0,52.5808
297.0,47.9297
298.0,47.08
299.0,54.0
300.0,54.0
301.0,46.928
302.0,53.1223
303.0,54.6405
304.0,39.2864
305.0,48.8864
306.0,52.8311
307.0,49.936
308.0,47.8495
309.0,51.7821
310.0,50.1795
311.0,45.7342
312.0,47.0721
313.0,50.0
314.0,50.2277
315.0,51.8316
316.0,56.3029
317.0,51.7788
318.0,47.2799
319.0,50.7308
320.0,55.5385
321.0,56.0
322.0,52.834
323.0,50.6592
324.0,51.4735
325.0,48.2632
326.0,55.3735
327.0,56.9206
328.0,51.894
329.0,45.1631
330.0,51.5888
331.0,50.4988
332.0,52.2154
333.0,53.2846
334.0,52.3226
335.0,53.9278
336.0,52.4646
337.0,48.5707
338.0,49.0056
339.0,54.7197
340.0,57.9325
341.0,46.9735
342.0,48.7369
343.0,50.4135
344.0,46.7942
345.0,42.029
346.0,46.856
347.0,48.0
348.0,45.4831
349.0,42.0
350.0,42.1834
351.0,47.0105
352.0,44.1594
353.0,42.8912
354.0,44.0
355.0,44.1144
356.0,45.726
357.0,50.0161
358.0,46.2995
359.0,40.0
360.0,39.3032
361.0,32.8516
362.0,41.8
363.0,47.0129
364.0,46.1211
365.0,42.9621
366.0,49.4189
367.0,47.0621
368.0,46.0
369.0,44.6065
370.0,43.2407
371.0,49.7027
372.0,40.7603
373.0,43.7754
374.0,48.7712
375.0,50.0
376.0,50.0
377.0,50.0
378.0,45.0565
379.0,44.5562
380.0,48.4693
381.0,49.4762
382.0,39.7753
383.0,44.61
384.0,47.0606
385.0,46.0
386.0,45.8251
387.0,44.2057
388.0,46.8252
389.0,48.0
390.0,48.6505
391.0,50.0
392.0,50.0
393.0,48.4911
394.0,48.0
395.0,45.7488
396.0,43.4846
397.0,49.9676
398.0,51.6126
399.0,53.2334
400.0,53.1459
401.0,50.0989
402.0,44.3893
403.0,50.8775
404.0,54.6829
405.0,54.0714
406.0,54.3506
407.0,59.3674
408.0,54.5012
409.0,55.4562
410.0,57.0795
411.0,57.2971
412.0,56.6537
413.0,59.9057
414.0,66.3052
415.0,64.3981
416.0,63.6507
417.0,66.0
418.0,66.2994
419.0,72.8088
420.0,72.6726
421.0,73.9057
422.0,80.6309
423.0,91.5896
424.0,88.3322
425.0,90.9203
426.0,95.2585
427.0,102.9976
428.0,113.3724
429.0,119.8764
430.0,105.6205
431.0,113.0285
432.0,122.5623
433.0,124.0667
434.0,117.7785
435.0,114.5212
436.0,112.6297
437.0,112.0
438.0,111.3708
439.0,109.7406
440.0,108.1093
441.0,106.4792
442.0,103.6966
443.0,101.2176
444.0,99.5873
445.0,97.7796
446.0,89.6163
447.0,91.925
448.0,91.1788
449.0,85.7096
450.0,79.5918
451.0,76.3265
452.0,86.2941
453.0,86.689
454.0,86.9477
455.0,91.2588
456.0,87.9935
457.0,84.7228
458.0,82.7271
459.0,82.9076
460.0,87.2549
461.0,95.4697
462.0,90.5597
463.0,92.8954
464.0,97.2504
465.0,97.8414
466.0,92.9345
467.0,88.0245
468.0,97.7629
469.0,89.8837
470.0,78.5892
471.0,72.0
472.0,71.8231
473.0,70.1851
474.0,64.1931
475.0,68.541
476.0,70.3554
477.0,63.6328
478.0,61.9934
479.0,60.3554
480.0,57.4328
481.0,55.0763
482.0,55.6918
483.0,59.7966
484.0,58.1559
485.0,58.0
486.0,56.8754
487.0,57.5304
488.0,59.5928
489.0,57.7049
490.0,47.8689
491.0,48.6623
492.0,55.8424
493.0,58.3084
494.0,50.5127
495.0,53.7995
496.0,55.5431
497.0,52.4375
498.0,50.8309
499.0,51.5267
500.0,50.4671
501.0,57.0461
502.0,52.375
503.0,46.8496
504.0,47.4704
505.0,54.0
506.0,54.0
507.0,47.4749
508.0,51.1095
509.0,50.3092
510.0,46.0
511.0,46.4283
512.0,49.7232
513.0,45.4765
514.0,48.6194
515.0,49.5951
516.0,45.5519
517.0,44.0
518.0,44.0
519.0,45.3932
520.0,42.8739
521.0,45.5268
522.0,53.6224
523.0,42.0808
524.0,46.9118
525.0,46.7129
526.0,49.7461
527.0,51.6568
528.0,46.7079
529.0,51.6584
530.0,44.3185
531.0,44.3749
532.0,46.839
533.0,48.4905
534.0,49.5739
535.0,44.6193
536.0,46.8926
537.0,46.9017
538.0,46.7504
539.0,47.5967
540.0,46.0562
541.0,47.7091
542.0,48.0
543.0,43.9339
544.0,41.34
545.0,44.3242
546.0,45.9785
547.0,41.1017
548.0,45.1481
549.0,47.0579
550.0,46.0
551.0,45.4901
552.0,42.1788
553.0,42.0
554.0,46.8874
555.0,47.3654
556.0,46.1408
557.0,51.8078
558.0,50.1508
559.0,46.9876
560.0,46.0
561.0,46.0
562.0,46.0
563.0,46.0
564.0,46.0
565.0,47.4544
566.0,48.0
567.0,46.4564
568.0,44.8638
569.0,48.0
570.0,48.0
571.0,49.4124
572.0,47.8556
573.0,47.4651
574.0,50.0
575.0,49.7807
576.0,43.1362
577.0,46.1312
578.0,45.9219
579.0,43.2984
580.0,43.0914
581.0,47.9252
582.0,42.9377
583.0,46.0532
584.0,44.9576
585.0,41.3234
586.0,40.3397
587.0,42.02
588.0,48.6755
589.0,43.3361
590.0,43.99
591.0,48.0
592.0,48.3264
593.0,49.9917
594.0,50.0
595.0,50.0
596.0,48.025
597.0,46.6539
598.0,48.0
599.0,48.0
600.0,51.3094
601.0,49.3567
602.0,47.0117
603.0,46.0
604.0,46.9708
605.0,51.975
606.0,53.6611
607.0,46.03
608.0,43.995
609.0,46.6672
610.0,47.3289
611.0,44.01
612.0,47.3489
613.0,50.6901
614.0,54.0301
615.0,51.2047
616.0,43.0668
617.0,48.0502
618.0,51.3946
619.0,54.7346
620.0,51.8427
621.0,48.7118
622.0,50.3829
623.0,51.9449
624.0,50.274
625.0,48.6008
626.0,52.2912
627.0,50.0334
628.0,42.5126
629.0,51.6254
630.0,44.9365
631.0,45.4405
632.0,47.1156
633.0,49.5799
634.0,52.0
635.0,51.8609
636.0,50.1844
637.0,47.0209
638.0,47.1651
639.0,48.8416
640.0,50.0
641.0,50.0
642.0,50.0
643.0,50.0
644.0,50.0
645.0,47.297
646.0,45.1577
647.0,48.5139
648.0,51.8724
649.0,55.2255
650.0,56.0
651.0,56.0
652.0,52.7506
653.0,48.6309
654.0,61.9328
655.0,45.1261
656.0,47.4723
657.0,47.9025
658.0,47.4588
659.0,48.7708
660.0,44.5345
661.0,54.6185
662.0,45.8385
663.0,46.5349
664.0,45.9209
665.0,41.9916
666.0,48.1801
667.0,49.8636
668.0,46.9109
669.0,44.7727
670.0,49.4646
671.0,56.0
672.0,55.444
673.0,52.0741
674.0,47.0606
675.0,47.3311
676.0,49.016
677.0,50.7009
678.0,52.7717
679.0,56.0708
680.0,57.7572
681.0,55.113
682.0,51.7403
683.0,49.1852
684.0,48.4992
685.0,50.0
686.0,50.0
687.0,56.2447
688.0,50.5
689.0,50.692
690.0,56.6262
691.0,56.7443
692.0,50.0017
693.0,51.6909
694.0,46.4797
695.0,47.2078
696.0,50.0
697.0,49.1047
698.0,46.2739
699.0,49.6551
700.0,46.9662
701.0,50.8284
702.0,54.0
703.0,54.0
704.0,53.4412
705.0,50.0542
706.0,51.665
707.0,47.9289
708.0,47.0491
709.0,50.2234
710.0,53.5668
711.0,52.0
712.0,52.0
713.0,52.0
714.0,53.2075
715.0,52.1981
716.0,50.0
717.0,49.4232
718.0,46.0305
719.0,52.713
720.0,54.0
721.0,52.9322
722.0,51.236
723.0,49.078
724.0,46.3121
725.0,49.7048
726.0,48.4512
727.0,46.7538
728.0,46.0
729.0,47.9186
730.0,53.3458
731.0,59.9643
732.0,58.2666
733.0,49.4126
734.0,52.7799
735.0,57.1715
736.0,54.4197
737.0,50.9048
738.0,57.7075
739.0,54.7477
740.0,52.6746
741.0,53.0255
742.0,54.0
743.0,53.5745
744.0,52.3827
745.0,57.4847
746.0,58.0
747.0,55.5374
748.0,53.068
749.0,53.9012
750.0,55.9779
751.0,46.2743
752.0,58.1993
753.0,54.2196
754.0,54.2984
755.0,56.0
756.0,55.4442
757.0,54.2606
758.0,55.9642
759.0,54.3308
760.0,55.3731
761.0,53.843
762.0,52.7836
763.0,56.9283
764.0,64.445
765.0,50.8048
766.0,61.2406
767.0,64.0
768.0,62.9804
769.0,62.0
770.0,63.3003
771.0,68.0
772.0,68.0
773.0,66.4427
774.0,60.942
775.0,55.0821
776.0,56.0923
777.0,62.8276
778.0,58.0
779.0,58.0
780.0,54.9641
781.0,55.2274
782.0,55.0624
783.0,57.2421
784.0,63.2821
785.0,60.0
786.0,60.0
787.0,58.5086
788.0,56.7983
789.0,55.0873
790.0,56.5021
791.0,60.9829
792.0,56.2053
793.0,63.0488
794.0,58.0977
795.0,56.0
796.0,56.0
797.0,57.8509
798.0,61.339
799.0,58.0
800.0,58.0
801.0,53.5798
802.0,57.9434
803.0,60.1921
804.0,58.0
805.0,58.3345
806.0,60.0995
807.0,63.53
808.0,58.0738
809.0,61.9914
810.0,62.3368
811.0,59.9004
812.0,62.5979
813.0,56.0687
814.0,57.7869
815.0,62.5155
816.0,56.6598
817.0,53.8832
818.0,55.3408
819.0,56.2597
820.0,65.6148
821.0,58.736
822.0,53.3929
823.0,57.0215
824.0,62.9277
825.0,65.3035
826.0,63.167
827.0,60.9639
828.0,73.012
829.0,66.0998
830.0,65.3034
831.0,64.9733
832.0,65.4974
833.0,67.0594
834.0,63.6141
835.0,60.1688
836.0,66.5586
837.0,68.0
838.0,66.9138
839.0,69.2386
840.0,71.3362
841.0,65.2856
842.0,73.9137
843.0,72.2916
844.0,83.472
845.0,82.2069
846.0,80.6506
847.0,80.9543
848.0,76.0104
849.0,86.3731
850.0,96.7358
851.0,94.9672
852.0,100.2176
853.0,106.9119
854.0,123.2573
855.0,150.1262
856.0,160.0
857.0,182.4719
858.0,193.6664
859.0,196.0
860.0,199.2052
861.0,200.4028
862.0,193.255
863.0,176.6713
864.0,154.1799
865.0,150.5645
866.0,141.3114
867.0,133.2872
868.0,147.2877
869.0,166.7163
870.0,168.0952
871.0,186.4159
872.0,193.3484
873.0,215.9636
874.0,244.1074
875.0,267.3721
876.0,307.1498
877.0,375.4814
878.0,446.3172
879.0,493.1109
880.0,589.2097
881.0,624.6649
882.0,684.643
883.0,735.5677
884.0,739.1986
885.0,704.1182
886.0,668.647
887.0,647.8317
888.0,606.4167
889.0,530.0278
890.0,450.5717
891.0,378.2639
892.0,317.8106
893.0,279.4549
894.0,249.9235
895.0,211.6626
896.0,189.715
897.0,171.8087
898.0,156.3406
899.0,145.2174
900.0,138.6968
901.0,131.5875
902.0,107.2185
903.0,110.9608
904.0,107.8209
905.0,101.4674
906.0,98.873
907.0,98.1603
908.0,93.6446
909.0,91.4151
910.0,80.9713
911.0,78.4199
912.0,78.0
913.0,81.1906
914.0,79.1665
915.0,72.5493
916.0,73.122
917.0,68.1395
918.0,75.1142
919.0,66.8586
920.0,75.399
921.0,73.9162
922.0,67.5113
923.0,71.5026
924.0,75.2624
925.0,70.0314
926.0,70.0
927.0,68.5188
928.0,59.4044
929.0,57.8987
930.0,65.6038
931.0,71.5336
932.0,69.5734
933.0,66.0769
934.0,62.5834
935.0,64.9126
936.0,62.3832
937.0,63.8115
938.0,63.1006
939.0,55.7988
940.0,62.0
941.0,62.0
942.0,58.6054
943.0,53.655
944.0,57.993
945.0,59.1549
946.0,56.0
947.0,56.8994
948.0,59.8004
949.0,58.049
950.0,56.2977
951.0,57.4536
952.0,58.0
953.0,56.0841
954.0,55.4198
955.0,59.851
956.0,66.2158
957.0,67.9702
958.0,64.5539
959.0,55.1368
960.0,60.6211
961.0,68.9579
962.0,72.0
963.0,70.5158
964.0,66.9982
965.0,74.007
966.0,75.7629
967.0,83.5877
968.0,86.0
969.0,87.0299
970.0,87.2133
971.0,83.8297
972.0,78.5975
973.0,81.775
974.0,74.7452
975.0,74.0
976.0,74.0
977.0,71.8207
978.0,65.7608
979.0,62.4253
980.0,68.7282
981.0,71.63
982.0,66.3436
983.0,62.7106
984.0,60.5951
985.0,62.3289
986.0,57.5242
987.0,55.493
988.0,65.5528
989.0,62.9604
990.0,54.1498
991.0,64.4021
992.0,60.0211
993.0,59.2564
994.0,61.0203
995.0,61.2159
996.0,58.9075
997.0,56.9259
998.0,62.0
999.0,62.0
1000.0,69.9789
1001.0,62.4602
1002.0,61.3982
1003.0,62.2105
1004.0,60.0
1005.0,61.2743
1006.0,65.6106
1007.0,62.0708
1008.0,65.4386
1009.0,64.5133
1010.0,66.5133
1011.0,65.9469
1012.0,66.3894
1013.0,68.3158
1014.0,66.2301
1015.0,77.823
1016.0,74.2832
1017.0,70.7434
1018.0,74.1947
1019.0,76.0
1020.0,74.1239
1021.0,75.5398
1022.0,80.5664
1023.0,77.2389
1024.0,85.9292
1025.0,78.8496
1026.0,87.3451
1027.0,90.0
1028.0,88.9027
1029.0,88.0
1030.0,89.9286
1031.0,94.8496
1032.0,98.3894
1033.0,101.9292
1034.0,107.2035
1035.0,104.9912
1036.0,111.7143
1037.0,122.3717
1038.0,127.1681
1039.0,131.4159
1040.0,144.75
1041.0,148.9558
1042.0,159.5752
1043.0,168.4956
1044.0,180.375
1045.0,196.5664
1046.0,207.0796
1047.0,217.2321
1048.0,233.2566
1049.0,246.3571
1050.0,248.1416
1051.0,249.9115
1052.0,263.5714
1053.0,266.0
1054.0,264.75
1055.0,258.8673
1056.0,247.5714
1057.0,236.2478
1058.0,225.2143
1059.0,193.8571
1060.0,192.0714
1061.0,176.708
1062.0,171.0357
1063.0,164.9735
1064.0,155.7857
1065.0,148.3571
1066.0,147.2143
1067.0,150.3894
1068.0,152.0
1069.0,152.0
1070.0,150.2679
1071.0,148.4821
1072.0,137.6637
1073.0,141.6429
1074.0,144.0
1075.0,137.9286
1076.0,142.0
1077.0,142.8571
1078.0,150.0
1079.0,141.0714
1080.0,144.7143
1081.0,152.7857
1082.0,157.1429
1083.0,158.0
1084.0,158.7143
1085.0,159.0
1086.0,159.4286
1087.0,179.9286
1088.0,178.1429
1089.0,192.7857
1090.0,187.4286
1091.0,202.2143
1092.0,220.0
1093.0,230.7568
1094.0,240.9464
1095.0,245.375
1096.0,234.1607
1097.0,235.9464
1098.0,246.3929
1099.0,240.3423
1100.0,232.7143
1101.0,204.5357
1102.0,192.0357
1103.0,193.7838
1104.0,177.0357
1105.0,173.7297
1106.0,171.2857
1107.0,153.4286
1108.0,156.9286
1109.0,153.6757
1110.0,144.6071
1111.0,142.0541
1112.0,136.6071
1113.0,127.8378
1114.0,129.9464
1115.0,120.6126
1116.0,108.0
1117.0,108.0
1118.0,112.7568
1119.0,118.125
1120.0,118.8288
1121.0,116.0714
1122.0,106.4324
1123.0,97.9099
1124.0,107.6396
1125.0,105.1964
1126.0,96.2679
1127.0,101.2432
1128.0,95.8018
1129.0,91.3214
1130.0,92.2703
1131.0,93.0631
1132.0,89.045
1133.0,85.0811
1134.0,89.0179
1135.0,93.3694
1136.0,84.3604
1137.0,75.3514
1138.0,78.5946
1139.0,77.3333
1140.0,74.8649
1141.0,71.1892
1142.0,70.2162
1143.0,72.9189
1144.0,69.3153
1145.0,66.0
1146.0,66.0
1147.0,64.2523
1148.0,59.3514
1149.0,60.7027
1150.0,64.3063
1151.0,65.045
1152.0,60.973
1153.0,58.7928
1154.0,64.9189
1155.0,60.0
1156.0,60.0
1157.0,54.6486
1158.0,55.5856
1159.0,51.8378
1160.0,54.7568
1161.0,58.0
1162.0,58.8108
1163.0,56.9369
1164.0,50.8364
1165.0,54.0
1166.0,54.0721
1167.0,57.6757
1168.0,53.0364
1169.0,59.2973
1170.0,53.0909
1171.0,46.9189
1172.0,48.6486
1173.0,49.9273
1174.0,46.5045
1175.0,48.0
1176.0,48.7568
1177.0,59.5676
1178.0,49.5273
1179.0,57.3818
1180.0,57.2613
1181.0,54.8182
1182.0,52.018
1183.0,50.8
1184.0,50.7636
1185.0,49.7297
1186.0,55.2909
1187.0,50.0545
1188.0,51.8727
1189.0,55.3514
1190.0,47.0545
1191.0,44.0
1192.0,46.2545
1193.0,48.9369
1194.0,49.2545
1195.0,48.5636
1196.0,50.3818
1197.0,51.6
1198.0,47.9636
1199.0,44.3273
1200.0,48.9636
1201.0,47.0811
1202.0,46.0
1203.0,48.1818
1204.0,51.8182
1205.0,52.5455
1206.0,50.5455
1207.0,50.9091
1208.0,46.3636
1209.0,50.0
1210.0,50.0
1211.0,53.2727
1212.0,55.4545
1213.0,54.7156
1214.0,51.7818
1215.0,49.0727
1216.0,49.4909
1217.0,52.5636
1218.0,53.2364
1219.0,50.6055
1220.0,56.0
1221.0,56.0
1222.0,52.6545
1223.0,59.4545
1224.0,55.3945
1225.0,53.1455
1226.0,52.0727
1227.0,53.945
1228.0,58.1455
1229.0,57.4909
1230.0,68.4587
1231.0,58.1818
1232.0,61.8182
1233.0,60.2569
1234.0,66.2545
1235.0,63.8545
1236.0,60.789
1237.0,57.9273
1238.0,58.5872
1239.0,57.8545
1240.0,54.6239
1241.0,66.6055
1242.0,60.3636
1243.0,64.0
1244.0,71.3394
1245.0,67.0364
1246.0,63.0275
1247.0,65.9633
1248.0,68.0
1249.0,68.0
1250.0,68.8073
1251.0,66.1468
1252.0,60.3636
1253.0,67.4128
1254.0,65.0275
1255.0,79.7064
1256.0,78.2018
1257.0,73.1455
1258.0,73.4495
1259.0,76.5688
1260.0,76.8807
1261.0,78.8624
1262.0,81.211
1263.0,80.6239
1264.0,84.7523
1265.0,94.5872
1266.0,98.1284
1267.0,99.9633
1268.0,103.5963
1269.0,104.0
1270.0,120.1468
1271.0,118.1835
1272.0,126.5138
1273.0,145.7248
1274.0,145.5046
1275.0,133.8532
1276.0,139.6147
1277.0,132.6239
1278.0,136.0
1279.0,136.0
1280.0,134.1667
1281.0,120.6422
1282.0,116.4954
1283.0,114.6606
1284.0,103.3883
1285.0,96.0864
1286.0,96.1812
1287.0,95.7127
1288.0,93.0116
1289.0,89.7234
1290.0,92.0421
1291.0,77.0729
1292.0,84.0944
1293.0,82.922
1294.0,87.1986
1295.0,77.9891
1296.0,81.8924
1297.0,81.3881
1298.0,78.908
1299.0,79.2525
1300.0,78.8258
1301.0,79.5522
1302.0,73.9737
1303.0,82.4434
1304.0,77.6424
1305.0,75.0255
1306.0,78.0803
1307.0,74.7263
1308.0,75.002
1309.0,66.2296
1310.0,65.1317
1311.0,66.3457
1312.0,63.8945
1313.0,62.7071
1314.0,60.952
1315.0,66.8305
1316.0,62.2338
1317.0,69.3011
1318.0,64.3661
1319.0,64.5414
1320.0,63.0566
1321.0,57.9298
1322.0,56.4941
1323.0,60.8989
1324.0,63.2338
1325.0,62.3723
1326.0,62.6127
1327.0,63.9703
1328.0,67.7537
1329.0,68.0463
1330.0,65.6884
1331.0,66.2422
1332.0,62.1206
1333.0,59.2918
1334.0,58.1087
1335.0,58.5866
1336.0,55.4812
1337.0,55.5133
1338.0,59.601
1339.0,62.3377
1340.0,62.1893
1341.0,60.1253
1342.0,60.4883
1343.0,63.3939
1344.0,68.6473
1345.0,60.5548
1346.0,61.2802
1347.0,62.2121
1348.0,63.0575
1349.0,64.8098
1350.0,63.2551
1351.0,58.5265
1352.0,59.6684
1353.0,64.4455
1354.0,65.3451
1355.0,67.414
1356.0,63.1956
1357.0,59.4772
1358.0,55.3554
1359.0,60.7513
1360.0,63.6149
1361.0,66.5733
1362.0,69.268
1363.0,67.6693
1364.0,64.3401
1365.0,65.6789
1366.0,68.0966
1367.0,68.8211
1368.0,70.3759
1369.0,70.9153
1370.0,71.5577
1371.0,76.451
1372.0,68.7916
1373.0,69.8126
1374.0,76.6191
1375.0,77.6055
1376.0,75.4334
1377.0,74.7469
1378.0,75.3622
1379.0,78.1126
1380.0,77.8261
1381.0,76.3589
1382.0,78.851
1383.0,81.4572
1384.0,80.3432
1385.0,78.9218
1386.0,77.3063
1387.0,82.6722
1388.0,74.5481
1389.0,77.8326
1390.0,76.4974
1391.0,82.003
1392.0,79.8416
1393.0,78.0374
1394.0,86.537
1395.0,87.215
1396.0,84.5185
1397.0,87.6636
1398.0,82.0561
1399.0,91.1667
1400.0,90.2991
1401.0,88.4444
1402.0,83.7383
1403.0,87.1589
1404.0,92.2963
1405.0,92.9907
1406.0,87.6075
1407.0,87.1852
1408.0,97.1963
1409.0,100.9346
1410.0,103.0
1411.0,98.1869
1412.0,100.0
1413.0,100.0
1414.0,107.1776
1415.0,99.6822
1416.0,104.0741
1417.0,106.0
1418.0,114.7664
1419.0,116.6355
1420.0,111.028
1421.0,113.1589
1422.0,123.6449
1423.0,129.4019
1424.0,126.1308
1425.0,119.6636
1426.0,119.2336
1427.0,130.0
1428.0,130.0
1429.0,126.3738
1430.0,136.0935
1431.0,141.1028
1432.0,144.8411
1433.0,151.1589
1434.0,147.0467
1435.0,145.0841
1436.0,160.5607
1437.0,179.8679
1438.0,184.0374
1439.0,183.1402
1440.0,195.5327
1441.0,210.0
1442.0,211.4953
1443.0,229.8505
1444.0,214.8972
1445.0,242.1121
1446.0,252.566
1447.0,264.5981
1448.0,270.7664
1449.0,283.3774
1450.0,287.7196
1451.0,305.1776
1452.0,323.1132
1453.0,320.4673
1454.0,314.1509
1455.0,304.9533
1456.0,305.9623
1457.0,321.4393
1458.0,315.434
1459.0,284.2243
1460.0,295.4393
1461.0,267.3208
1462.0,250.6916
1463.0,240.2642
1464.0,229.4766
1465.0,211.6792
1466.0,202.8113
1467.0,196.6729
1468.0,187.283
1469.0,182.0
1470.0,181.2897
1471.0,172.9811
1472.0,159.3019
1473.0,169.6449
1474.0,167.3208
1475.0,162.0
1476.0,162.0
1477.0,173.3208
1478.0,163.3585
1479.0,170.2243
1480.0,158.2453
1481.0,161.0755
1482.0,161.3962
1483.0,154.0566
1484.0,153.2264
1485.0,146.3774
1486.0,139.3962
1487.0,138.1132
1488.0,132.3585
1489.0,139.9623
1490.0,132.8113
1491.0,124.8868
1492.0,107.1887
1493.0,119.3208
1494.0,96.6792
1495.0,116.1321
1496.0,104.2642
1497.0,97.1887
1498.0,94.5094
1499.0,91.2453
1500.0,91.2642
1501.0,93.1619
1502.0,90.8302
1503.0,83.283
1504.0,83.8113
1505.0,86.2642
1506.0,77.8286
1507.0,82.0
1508.0,80.4151
1509.0,75.1429
1510.0,81.0566
1511.0,72.1509
1512.0,75.9245
1513.0,66.6667
1514.0,73.0189
1515.0,77.283
1516.0,74.9143
1517.0,82.6038
1518.0,78.0
1519.0,75.2264
1520.0,73.7524
1521.0,70.9811
1522.0,68.1714
1523.0,65.1887
1524.0,65.4095
1525.0,68.0
1526.0,66.5143
1527.0,63.1887
1528.0,69.1429
1529.0,74.0952
1530.0,56.283
1531.0,61.9434
1532.0,56.3429
1533.0,56.0
1534.0,56.0
1535.0,56.0
1536.0,56.0
1537.0,61.5619
1538.0,61.434
1539.0,56.4571
1540.0,58.3429
1541.0,64.9714
1542.0,59.9429
1543.0,51.5849
1544.0,55.3714
1545.0,59.181
1546.0,60.019
1547.0,55.2
1548.0,58.781
1549.0,51.3714
1550.0,46.4571
1551.0,53.981
1552.0,52.0762
1553.0,52.0
1554.0,53.7333
1555.0,47.4476
1556.0,52.1714
1557.0,52.5524
1558.0,47.9429
1559.0,49.7714
1560.0,53.1619
1561.0,49.7333
1562.0,48.9143
1563.0,50.2308
1564.0,46.4
1565.0,44.7048
1566.0,47.8286
1567.0,49.9429
1568.0,43.5769
1569.0,42.3429
1570.0,44.0
1571.0,44.6095
1572.0,51.7692
1573.0,44.0769
1574.0,45.8857
1575.0,47.7905
1576.0,51.4231
1577.0,40.6667
1578.0,44.0952
1579.0,47.4423
1580.0,50.7048
1581.0,52.0
1582.0,47.2762
1583.0,44.0
1584.0,44.0
1585.0,46.7692
1586.0,50.0
1587.0,50.0
1588.0,46.6667
1589.0,42.8846
1590.0,47.5238
1591.0,41.6154
1592.0,47.3524
1593.0,44.2308
1594.0,46.1538
1595.0,48.0
1596.0,48.0
1597.0,36.5769
1598.0,46.9615
1599.0,42.8
1600.0,46.9615
1601.0,44.8462
1602.0,39.5
1603.0,43.6923
1604.0,46.0
1605.0,43.5
1606.0,42.0
1607.0,44.1923
1608.0,46.0
1609.0,46.9333
1610.0,44.6154
1611.0,43.0769
1612.0,47.3077
1613.0,47.2308
1614.0,47.8462
1615.0,42.9231
1616.0,43.6923
1617.0,35.8462
1618.0,46.2308
1619.0,47.5385
1620.0,42.1538
1621.0,46.0
1622.0,47.9231
1623.0,49.8462
1624.0,37.6154
1625.0,42.835
1626.0,45.6346
1627.0,46.0
1628.0,41.5577
1629.0,41.4038
1630.0,35.3654
1631.0,40.835
1632.0,44.8077
1633.0,46.2308
1634.0,42.7573
1635.0,39.9615
1636.0,41.0962
1637.0,40.0
1638.0,39.2427
1639.0,38.0
1640.0,39.8462
1641.0,41.8252
1642.0,36.9615
1643.0,40.0
1644.0,40.0
1645.0,39.7308
1646.0,38.1942
1647.0,39.8654
1648.0,37.9417
1649.0,36.0
1650.0,36.0
1651.0,41.5922
1652.0,42.0
1653.0,45.4563
1654.0,44.3301
1655.0,34.4231
1656.0,42.7379
1657.0,41.6154
1658.0,40.0
1659.0,44.0194
1660.0,38.3846
1661.0,37.6117
1662.0,41.1456
1663.0,43.0874
1664.0,42.9808
1665.0,42.0
1666.0,41.1068
1667.0,37.5192
1668.0,35.5146
1669.0,38.699
1670.0,40.6408
1671.0,42.5825
1672.0,41.9029
1673.0,36.466
1674.0,37.5962
1675.0,35.6699
1676.0,34.5437
1677.0,38.4272
1678.0,41.6893
1679.0,38.0971
1680.0,39.9223
1681.0,36.0388
1682.0,41.767
1683.0,40.1359
1684.0,41.8058
1685.0,40.2524
1686.0,38.3107
1687.0,39.6471
1688.0,38.4078
1689.0,39.534
1690.0,41.4757
1691.0,40.5825
1692.0,40.0
1693.0,42.6019
1694.0,37.7255
1695.0,40.0194
1696.0,42.8544
1697.0,45.2621
1698.0,42.8039
1699.0,39.9806
1700.0,42.932
1701.0,40.5049
1702.0,36.8235
1703.0,38.0
1704.0,37.2745
1705.0,38.0388
1706.0,42.0
1707.0,40.8627
1708.0,36.9515
1709.0,35.8824
1710.0,42.0
1711.0,42.0
1712.0,42.6602
1713.0,44.902
1714.0,38.233
1715.0,40.1765
1716.0,41.5922
1717.0,36.0784
1718.0,38.1553
1719.0,45.9223
1720.0,47.9412
1721.0,36.699
1722.0,34.1569
1723.0,32.1961
1724.0,40.7379
1725.0,38.5882
1726.0,43.0
1727.0,44.0
1728.0,34.5631
1729.0,33.5294
1730.0,38.4706
1731.0,41.4369
1732.0,36.4314
1733.0,42.1176
1734.0,36.8039
1735.0,35.8235
1736.0,38.0
1737.0,35.6078
1738.0,31.7087
1739.0,33.2941
1740.0,38.1176
1741.0,42.0392
1742.0,39.098
1743.0,35.8824
1744.0,40.7059
1745.0,42.2745
1746.0,39.1765
1747.0,34.8627
1748.0,33.7255
1749.0,37.1765
1750.0,34.0
1751.0,36.1176
1752.0,33.1881
1753.0,36.5686
1754.0,38.0
1755.0,37.0196
1756.0,35.3529
1757.0,39.5882
1758.0,38.7525
1759.0,41.2941
1760.0,38.9412
1761.0,44.2745
1762.0,45.2871
1763.0,40.2157
1764.0,41.4706
1765.0,36.1373
1766.0,37.901
1767.0,35.9216
1768.0,34.1584
1769.0,41.9412
1770.0,36.0588
1771.0,32.1176
1772.0,37.7624
1773.0,28.5882
1774.0,35.4455
1775.0,37.8235
1776.0,41.604
1777.0,33.1765
1778.0,37.2277
1779.0,34.5882
1780.0,34.0
1781.0,38.9412
1782.0,36.7525
1783.0,29.6471
1784.0,35.8218
1785.0,38.0
1786.0,33.4851
1787.0,39.4257
1788.0,34.7451
1789.0,33.4257
1790.0,34.0
1791.0,38.1176
1792.0,35.9604
1793.0,28.6931
1794.0,32.5347
1795.0,39.8614
1796.0,35.7255
1797.0,32.0
1798.0,35.6238
1799.0,38.0
1800.0,38.0
1801.0,38.0
1802.0,39.1176
1803.0,42.1782
1804.0,36.5149
1805.0,36.297
1806.0,37.8812
1807.0,37.0297
1808.0,38.0198
1809.0,38.9109
1810.0,38.198
1811.0,35.8614
1812.0,34.3564
1813.0,34.4554
1814.0,37.3861
1815.0,36.5545
1816.0,38.3366
1817.0,35.1881
1818.0,33.2
1819.0,32.0
1820.0,34.3168
1821.0,35.7426
1822.0,33.4653
1823.0,36.72
1824.0,37.2871
1825.0,36.0
1826.0,36.6733
1827.0,37.34
1828.0,34.6931
1829.0,32.6337
1830.0,35.2277
1831.0,37.4
1832.0,35.4059
1833.0,33.4257
1834.0,33.12
1835.0,37.6634
1836.0,40.38
1837.0,33.8614
1838.0,29.56
1839.0,33.4851
1840.0,32.5
1841.0,34.9901
1842.0,36.5743
1843.0,32.0
1844.0,32.92
1845.0,36.4554
1846.0,36.24
1847.0,31.7426
1848.0,37.58
1849.0,36.42
1850.0,36.3366
1851.0,32.0
1852.0,40.396
1853.0,40.86
1854.0,35.62
1855.0,34.76
1856.0,36.1188
1857.0,30.16
1858.0,38.92
1859.0,34.36
1860.0,36.3564
1861.0,38.0
1862.0,37.66
1863.0,34.98
1864.0,30.68
1865.0,34.3366
1866.0,36.0
1867.0,36.32
1868.0,37.04
1869.0,31.68
1870.0,31.28
1871.0,37.36
1872.0,34.32
1873.0,35.36
1874.0,32.96
1875.0,37.04
1876.0,32.32
1877.0,33.36
1878.0,30.64
1879.0,34.32
1880.0,36.0
1881.0,34.72
1882.0,29.2929
1883.0,34.98
1884.0,29.32
1885.0,27.7
1886.0,36.68
1887.0,39.66
1888.0,38.0
1889.0,36.92
1890.0,33.44
1891.0,38.2
1892.0,30.3636
1893.0,32.38
1894.0,34.0
1895.0,35.5354
1896.0,39.2
1897.0,29.6
1898.0,35.596
1899.0,34.0
1900.0,34.0
1901.0,34.0
1902.0,33.12
1903.0,30.8889
1904.0,33.08
1905.0,30.0
1906.0,30.48
1907.0,32.4848
1908.0,34.0
1909.0,34.5051
1910.0,34.44
1911.0,31.5758
1912.0,35.4545
1913.0,34.0
1914.0,32.8687
1915.0,31.16
1916.0,34.0
1917.0,34.6061
1918.0,34.76
1919.0,33.2525
1920.0,36.6465
1921.0,36.68
1922.0,34.0
1923.0,35.3737
1924.0,40.1212
1925.0,41.0909
1926.0,33.78
1927.0,31.4949
1928.0,34.0
1929.0,34.0
1930.0,33.1919
1931.0,34.4848
1932.0,36.303
1933.0,34.86
1934.0,36.8687
1935.0,35.3333
1936.0,34.7273
1937.0,34.2828
1938.0,32.8485
1939.0,36.0
1940.0,36.0
1941.0,36.0
1942.0,38.0606
1943.0,36.8485
1944.0,35.0707
1945.0,32.6939
1946.0,33.3939
1947.0,39.4545
1948.0,39.6566
1949.0,35.6162
1950.0,32.7879
1951.0,30.7677
1952.0,37.5918
1953.0,35.5354
1954.0,32.0
1955.0,32.0
1956.0,36.102
1957.0,39.3939
1958.0,37.1717
1959.0,33.1313
1960.0,34.9388
1961.0,36.0
1962.0,36.0
1963.0,34.449
1964.0,35.5758
1965.0,37.6122
1966.0,31.4545
1967.0,33.3131
1968.0,28.9184
1969.0,31.4343
1970.0,33.7551
1971.0,35.7778
1972.0,32.3673
1973.0,33.8384
1974.0,32.1224
1975.0,35.798
1976.0,39.8776
1977.0,36.0808
1978.0,34.0
1979.0,35.8788
1980.0,30.1224
1981.0,34.4082
1982.0,41.4343
1983.0,34.4898
1984.0,39.5918
1985.0,36.0
1986.0,35.4694
1987.0,32.9184
1988.0,36.6122
1989.0,30.3838
1990.0,33.6327
1991.0,38.2041
1992.0,32.0
1993.0,34.6531
1994.0,39.1717
1995.0,32.5918
1996.0,32.102
1997.0,29.3469
1998.0,34.1429
1999.0,35.7347
2000.0,32.7959
2001.0,37.3469
2002.0,38.4898
2003.0,33.0816
2004.0,32.0
2005.0,33.0
2006.0,34.0
2007.0,32.9184
2008.0,34.2449
2009.0,33.6735
2010.0,30.7959
2011.0,36.2245
2012.0,36.1429
2013.0,32.6598
2014.0,36.1633
2015.0,39.4286
2016.0,35.5918
2017.0,37.0204
2018.0,36.449
2019.0,31.1753
2020.0,36.6122
2021.0,36.3061
2022.0,36.0
2023.0,37.7938
2024.0,36.1633
2025.0,37.8776
2026.0,39.9381
2027.0,36.0408
2028.0,35.9381
2029.0,30.1633
2030.0,33.5102
2031.0,26.8247
2032.0,35.551
2033.0,32.268
2034.0,34.3265
2035.0,34.8866
2036.0,30.8571
2037.0,34.0
2038.0,33.4694
2039.0,32.5773
2040.0,34.0
2041.0,32.6392
2042.0,29.2577
2043.0,30.3878
2044.0,35.6907
2045.0,36.2041
2046.0,36.8454
2047.0,35.9588
2048.0,29.8776
2049.0,31.3402
2050.0,35.1753
2051.0,37.2245
2052.0,36.7216
2053.0,33.3196
2054.0,36.2062
2055.0,38.0
2056.0,34.9897
2057.0,34.0
2058.0,32.3711
2059.0,33.6907
2060.0,32.2653
2061.0,33.7938
2062.0,35.8557
2063.0,34.0825
2064.0,35.9794
2065.0,39.8763
2066.0,34.0
2067.0,33.8351
2068.0,32.2268
2069.0,33.4227
2070.0,31.0515
2071.0,36.0
2072.0,34.1031
2073.0,30.1443
2074.0,35.4021
2075.0,34.6598
2076.0,34.5567
2077.0,31.2165
2078.0,31.7083
2079.0,33.0722
2080.0,32.0
2081.0,36.2062
2082.0,37.7732
2083.0,36.0
2084.0,33.5
2085.0,32.0
2086.0,33.3814
2087.0,32.5567
2088.0,35.0417
2089.0,32.8247
2090.0,32.0
2091.0,30.2708
2092.0,31.7938
2093.0,33.8557
2094.0,35.9375
2095.0,32.0
2096.0,35.875
2097.0,32.0
2098.0,32.2083
2099.0,34.2887
2100.0,34.2292
2101.0,28.1649
2102.0,34.5
2103.0,32.3093
2104.0,37.3542
2105.0,33.8351
2106.0,30.7917
2107.0,35.4639
2108.0,35.3125
2109.0,32.0417
2110.0,34.0
2111.0,34.0
2112.0,32.7629
2113.0,34.625
2114.0,37.3958
2115.0,33.6082
2116.0,32.0
2117.0,36.875
2118.0,36.2917
2119.0,27.134
2120.0,31.5625
2121.0,33.9375
2122.0,37.9792
2123.0,35.8969
2124.0,33.5
2125.0,28.75
2126.0,33.0
2127.0,30.5
2128.0,36.5
2129.0,28.3333
2130.0,34.6667
2131.0,35.25
2132.0,35.6495
2133.0,36.2083
2134.0,33.0208
2135.0,33.0625
2136.0,35.1458
2137.0,34.7708
2138.0,34.0
2139.0,32.5833
2140.0,32.0
2141.0,33.5833
2142.0,34.0
2143.0,32.25
2144.0,32.0
2145.0,32.0
2146.0,36.0
2147.0,24.7292
2148.0,37.625
2149.0,34.2708
2150.0,35.2917
2151.0,32.4421
2152.0,32.375
2153.0,30.5
2154.0,33.875
2155.0,30.0
2156.0,30.0
2157.0,31.9583
2158.0,35.0737
2159.0,36.0
2160.0,34.7368
2161.0,29.9375
2162.0,35.1875
2163.0,34.9263
2164.0,30.75
2165.0,36.9053
2166.0,34.375
2167.0,32.0842
2168.0,38.0
2169.0,34.2083
2170.0,37.8105
2171.0,35.7083
2172.0,34.3789
2173.0,36.0
2174.0,36.5684
2175.0,35.9789
2176.0,32.0
2177.0,31.1368
2178.0,32.875
2179.0,34.9474
2180.0,32.8421
2181.0,37.0526
2182.0,33.2292
2183.0,35.8105
2184.0,34.8842
2185.0,32.3542
2186.0,33.7474
2187.0,34.0
2188.0,34.0
2189.0,35.8125
2190.0,30.1474
2191.0,31.4947
2192.0,29.0737
2193.0,33.5368
2194.0,31.4316
2195.0,30.0
2196.0,30.0
2197.0,33.5368
2198.0,36.0211
2199.0,35.0947
2200.0,34.8
2201.0,31.3895
2202.0,32.8211
2203.0,34.0
2204.0,35.6211
2205.0,36.0
2206.0,34.1684
2207.0,30.1263
2208.0,28.0842
2209.0,32.1474
2210.0,33.4947
2211.0,30.0
2212.0,29.5319
2213.0,30.9474
2214.0,35.2211
2215.0,33.2
2216.0,36.1895
2217.0,32.9787
2218.0,36.5474
2219.0,37.5158
2220.0,36.0
2221.0,34.5263
2222.0,38.7368
2223.0,34.9474
2224.0,32.2003
2225.0,33.8867
2226.0,33.9905
2227.0,37.9922
2228.0,36.445
2229.0,27.5432
2230.0,32.5759
2231.0,34.1437
2232.0,34.9481
2233.0,31.7358
2234.0,31.2007
2235.0,37.3672
2236.0,37.451
2237.0,33.644
2238.0,32.4137
2239.0,31.6057
2240.0,33.2336
2241.0,35.0847
2242.0,31.3381
2243.0,31.6667
2244.0,36.2555
2245.0,29.7167
2246.0,33.046
2247.0,34.776
2248.0,33.1167
2249.0,36.1237
2250.0,35.141
2251.0,31.0424
2252.0,32.2662
2253.0,33.0995
2254.0,35.2199
2255.0,31.6593
2256.0,31.9104
2257.0,35.0645
2258.0,33.5382
2259.0,32.0302
2260.0,36.3503
2261.0,32.2444
2262.0,33.7011
2263.0,35.3541
2264.0,33.4734
2265.0,34.5056
2266.0,33.7372
2267.0,34.4641
2268.0,33.4994
2269.0,34.0552
2270.0,34.6451
2271.0,34.5779
2272.0,35.8895
2273.0,32.6118
2274.0,34.2294
2275.0,33.3121
2276.0,35.5164
2277.0,35.7701
2278.0,35.4391
2279.0,33.0086
2280.0,34.9138
2281.0,34.202
2282.0,35.2394
2283.0,34.7818
2284.0,32.0787
2285.0,32.0723
2286.0,35.4658
2287.0,31.8813
2288.0,34.918
2289.0,36.0211
2290.0,32.2972
2291.0,31.744
2292.0,34.8337
2293.0,37.1497
2294.0,36.5425
2295.0,34.8795
2296.0,35.6336
2297.0,33.8755
2298.0,30.4089
2299.0,30.6409
2300.0,33.4175
2301.0,32.9312
2302.0,34.5997
2303.0,36.2582
2304.0,37.1064
2305.0,35.8724
2306.0,35.3769
2307.0,36.1104
2308.0,34.7776
2309.0,34.3718
2310.0,35.4665
2311.0,35.6172
2312.0,35.2011
2313.0,33.6287
2314.0,32.892
2315.0,33.7622
2316.0,32.2073
2317.0,30.2799
2318.0,32.9787
2319.0,32.8936
2320.0,33.2473
2321.0,34.0
2322.0,38.5319
2323.0,36.7234
2324.0,36.0
2325.0,39.8298
2326.0,34.1915
2327.0,39.234
2328.0,32.6452
2329.0,36.9362
2330.0,35.7849
2331.0,27.4894
2332.0,31.7634
2333.0,32.9787
2334.0,35.4839
2335.0,35.4043
2336.0,32.5591
2337.0,35.1489
2338.0,32.5591
2339.0,33.871
2340.0,36.0
2341.0,34.2979
2342.0,38.0
2343.0,38.0
2344.0,36.8511
2345.0,33.2903
2346.0,33.7204
2347.0,35.0
2348.0,34.0
2349.0,31.4194
2350.0,31.4409
2351.0,35.1489
2352.0,36.0
2353.0,32.2581
2354.0,34.0
2355.0,34.5106
2356.0,39.0968
2357.0,33.5484
2358.0,32.0
2359.0,32.7527
2360.0,33.0968
2361.0,34.1075
2362.0,38.4086
2363.0,37.2903
2364.0,28.5532
2365.0,32.5376
2366.0,30.4301
2367.0,30.0
2368.0,37.7849
2369.0,33.7419
2370.0,32.8172
2371.0,35.4409
2372.0,34.0
2373.0,35.7204
2374.0,38.0
2375.0,35.6774
2376.0,32.6882
2377.0,32.0
2378.0,36.8913
2379.0,36.2151
2380.0,32.129
2381.0,39.914
2382.0,38.2391
2383.0,37.5484
2384.0,29.1183
2385.0,32.7097
2386.0,34.8696
2387.0,31.871
2388.0,32.7312
2389.0,31.9565
2390.0,34.5161
2391.0,32.6882
2392.0,33.8261
2393.0,30.043
2394.0,28.913
2395.0,40.7957
2396.0,34.4565
2397.0,36.0
2398.0,34.4348
2399.0,31.0538
2400.0,33.3261
2401.0,34.7312
2402.0,32.5652
2403.0,32.0
2404.0,33.7609
2405.0,32.086
2406.0,32.172
2407.0,35.7609
2408.0,34.0
2409.0,33.4194
2410.0,32.0
2411.0,32.0
2412.0,35.2258
2413.0,31.8043
2414.0,28.0
2415.0,32.7097
2416.0,39.2174
2417.0,34.2609
2418.0,28.2581
2419.0,34.4783
2420.0,38.0
2421.0,35.6522
2422.0,30.7609
2423.0,31.0753
2424.0,34.3478
2425.0,32.9565
2426.0,35.7391
2427.0,36.3913
2428.0,44.913
2429.0,36.2174
2430.0,32.1304
2431.0,34.0
2432.0,34.4731
2433.0,35.3696
2434.0,31.587
2435.0,30.9348
2436.0,36.3043
2437.0,35.3187
2438.0,32.4783
2439.0,32.0
2440.0,35.7391
2441.0,35.9565
2442.0,34.2174
2443.0,34.8261
2444.0,30.5652
2445.0,32.7391
2446.0,35.8462
2447.0,36.8913
2448.0,34.7174
2449.0,32.5435
2450.0,35.2967
2451.0,34.1739
2452.0,24.0
2453.0,32.1758
2454.0,34.0
2455.0,34.0
2456.0,34.7253
2457.0,37.8261
2458.0,36.7391
2459.0,35.2747
2460.0,34.5435
2461.0,30.7391
2462.0,33.6484
2463.0,36.0
2464.0,37.6087
2465.0,34.0
2466.0,35.6484
2467.0,37.0435
2468.0,35.6923
2469.0,35.5652
2470.0,38.4835
2471.0,37.5165
2472.0,34.3261
2473.0,35.8681
2474.0,41.7802
2475.0,32.9565
2476.0,40.0
2477.0,38.7692
2478.0,36.8043
2479.0,33.0549
2480.0,32.7473
2481.0,29.1522
2482.0,30.6813
2483.0,35.5165
2484.0,30.1319
2485.0,36.1319
2486.0,37.6703
2487.0,35.4725
2488.0,34.7174
2489.0,37.8022
2490.0,36.7033
2491.0,35.2967
2492.0,37.4945
2493.0,32.9783
2494.0,35.7363
2495.0,41.6044
2496.0,31.0549
2497.0,38.9231
2498.0,40.022
2499.0,36.8571
2500.0,36.9451
2501.0,33.4945
2502.0,32.0
2503.0,33.6484
2504.0,35.8462
2505.0,32.0
2506.0,32.4835
2507.0,35.5604
2508.0,35.2747
2509.0,40.5055
2510.0,39.8222
2511.0,36.0
2512.0,37.4505
2513.0,33.0549
2514.0,37.5385
2515.0,38.0
2516.0,37.7556
2517.0,36.4615
2518.0,37.3407
2519.0,34.2857
2520.0,33.0667
2521.0,35.2747
2522.0,37.4725
2523.0,31.2444
2524.0,39.4505
2525.0,36.1778
2526.0,39.3846
2527.0,37.011
2528.0,39.2889
2529.0,38.0
2530.0,38.0
2531.0,40.6813
2532.0,35.8462
2533.0,32.2444
2534.0,35.9121
2535.0,40.1758
2536.0,41.2444
2537.0,38.5934
2538.0,40.8
2539.0,42.0
2540.0,39.5556
2541.0,40.1667
2542.0,41.8242
2543.0,40.1333
2544.0,43.8667
2545.0,40.0
2546.0,41.011
2547.0,42.5778
2548.0,40.9333
2549.0,43.1429
2550.0,42.6444
2551.0,43.5778
2552.0,44.0
2553.0,42.0
2554.0,34.2222
2555.0,38.6374
2556.0,46.0667
2557.0,40.2667
2558.0,35.8222
2559.0,40.5556
2560.0,39.4
2561.0,38.0
2562.0,39.9556
2563.0,36.1778
2564.0,36.8
2565.0,33.8667
2566.0,40.5333
2567.0,38.6667
2568.0,36.5778
2569.0,36.4889
2570.0,42.9333
2571.0,38.1333
2572.0,40.0
2573.0,39.6
2574.0,39.8667
2575.0,44.0
2576.0,39.7333
2577.0,39.8667
2578.0,38.9778
2579.0,39.7528
2580.0,45.9333
2581.0,38.4
2582.0,40.7333
2583.0,38.5778
2584.0,43.1333
2585.0,42.0
2586.0,39.3333
2587.0,44.2222
2588.0,44.2222
2589.0,30.0667
2590.0,36.4889
2591.0,40.0
2592.0,40.0
2593.0,39.0667
2594.0,38.0
2595.0,43.6
2596.0,44.3778
2597.0,42.1348
2598.0,41.9101
2599.0,40.3333
2600.0,42.5618
2601.0,44.0
2602.0,41.9556
2603.0,38.7416
2604.0,39.4889
2605.0,40.0
2606.0,41.9556
2607.0,38.0
2608.0,38.8539
2609.0,42.0
2610.0,42.0
2611.0,43.1461
2612.0,38.427
2613.0,37.6222
2614.0,38.0
2615.0,37.9101
2616.0,36.6742
2617.0,38.8444
2618.0,37.618
2619.0,37.8876
2620.0,41.2135
2621.0,44.0
2622.0,42.2247
2623.0,42.0
2624.0,40.9333
2625.0,34.4944
2626.0,33.7753
2627.0,32.9663
2628.0,40.9438
2629.0,36.5843
2630.0,37.4222
2631.0,36.0449
2632.0,36.2022
2633.0,38.8989
2634.0,42.0
2635.0,42.0
2636.0,39.618
2637.0,40.8764
2638.0,38.6292
2639.0,43.7978
2640.0,36.3596
2641.0,38.2921
2642.0,33.3483
2643.0,38.764
2644.0,34.9888
2645.0,38.4944
2646.0,43.6629
2647.0,40.1364
2648.0,41.2809
2649.0,34.427
2650.0,36.6742
2651.0,42.6067
2652.0,45.6364
2653.0,42.5618
2654.0,40.3146
2655.0,41.9326
2656.0,40.4045
2657.0,44.4494
2658.0,44.6067
2659.0,42.0
2660.0,37.1461
2661.0,41.3034
2662.0,45.7273
2663.0,40.0674
2664.0,44.2273
2665.0,45.0112
2666.0,42.0
2667.0,45.0337
2668.0,44.2247
2669.0,43.5227
2670.0,40.4494
2671.0,42.0899
2672.0,45.4091
2673.0,43.1236
2674.0,45.1818
2675.0,47.236
2676.0,44.6364
2677.0,45.191
2678.0,44.1364
2679.0,51.0562
2680.0,39.5455
2681.0,47.3182
2682.0,48.1573
2683.0,46.0
2684.0,48.8764
2685.0,51.7045
2686.0,46.0682
2687.0,48.0
2688.0,48.5
2689.0,48.4545
2690.0,51.2273
2691.0,57.3034
2692.0,53.2955
2693.0,53.8409
2694.0,59.3258
2695.0,50.9091
2696.0,62.0909
2697.0,58.0
2698.0,60.3636
2699.0,64.9091
2700.0,52.1818
2701.0,68.0
2702.0,65.0787
2703.0,70.9545
2704.0,68.7955
2705.0,70.0
2706.0,75.3636
2707.0,71.5455
2708.0,75.6591
2709.0,78.3182
2710.0,82.8636
2711.0,83.8621
2712.0,74.0
2713.0,73.0909
2714.0,80.6364
2715.0,78.3636
2716.0,83.6364
2717.0,77.4545
2718.0,84.0
2719.0,85.8636
2720.0,85.5909
2721.0,81.0455
2722.0,88.75
2723.0,85.7273
2724.0,75.9091
2725.0,83.0455
2726.0,76.8736
2727.0,78.0
2728.0,83.7273
2729.0,74.0682
2730.0,80.0
2731.0,77.4483
2732.0,75.1364
2733.0,73.7955
2734.0,70.2529
2735.0,70.5909
2736.0,78.5057
2737.0,76.0455
2738.0,75.7471
2739.0,76.1818
2740.0,82.0
2741.0,78.6591
2742.0,83.0115
2743.0,79.2727
2744.0,79.977
2745.0,75.4943
2746.0,73.6364
2747.0,78.0
2748.0,79.1264
2749.0,85.6364
2750.0,74.3908
2751.0,82.0
2752.0,77.1724
2753.0,69.1264
2754.0,68.0455
2755.0,76.0
2756.0,71.6552
2757.0,70.0
2758.0,70.069
2759.0,74.3908
2760.0,64.7727
2761.0,62.8966
2762.0,64.0
2763.0,72.9655
2764.0,59.8621
2765.0,67.6552
2766.0,59.4713
2767.0,64.6667
2768.0,58.1379
2769.0,59.0575
2770.0,65.1264
2771.0,54.8276
2772.0,67.8391
2773.0,63.7011
2774.0,56.7586
2775.0,60.1149
2776.0,57.931
2777.0,60.9655
2778.0,62.0
2779.0,66.2529
2780.0,64.6897
2781.0,60.2529
2782.0,57.954
2783.0,60.6897
2784.0,53.5172
2785.0,60.0
2786.0,59.2644
2787.0,59.3333
2788.0,61.1724
2789.0,62.3218
2790.0,66.0
2791.0,66.0
2792.0,56.3678
2793.0,61.4483
2794.0,63.6279
2795.0,66.6207
2796.0,69.1954
2797.0,68.0
2798.0,68.046
2799.0,71.0233
2800.0,64.7126
2801.0,67.6552
2802.0,70.2326
2803.0,68.0
2804.0,73.5862
2805.0,78.1839
2806.0,79.5116
2807.0,78.0
2808.0,76.8837
2809.0,76.0
2810.0,81.2326
2811.0,85.907
2812.0,82.7356
2813.0,85.3256
2814.0,83.0115
2815.0,74.186
2816.0,78.046
2817.0,89.6512
2818.0,86.023
2819.0,98.3256
2820.0,99.3023
2821.0,106.0
2822.0,104.4884
2823.0,96.6512
2824.0,110.5581
2825.0,115.6744
2826.0,111.1264
2827.0,119.2791
2828.0,114.907
2829.0,118.9767
2830.0,116.1395
2831.0,122.0
2832.0,119.2093
2833.0,119.1163
2834.0,130.7442
2835.0,130.6897
2836.0,128.0233
2837.0,134.6047
2838.0,141.1395
2839.0,148.9535
2840.0,138.4884
2841.0,125.5814
2842.0,139.4419
2843.0,156.0
2844.0,153.093
2845.0,146.907
2846.0,151.6977
2847.0,149.3256
2848.0,174.3721
2849.0,164.0
2850.0,165.0698
2851.0,174.0233
2852.0,179.6279
2853.0,191.6047
2854.0,205.186
2855.0,211.1163
2856.0,218.4186
2857.0,208.8372
2858.0,213.4884
2859.0,220.5176
2860.0,227.5116
2861.0,260.6512
2862.0,264.5814
2863.0,274.5882
2864.0,295.8605
2865.0,297.4419
2866.0,342.2118
2867.0,349.4651
2868.0,374.4
2869.0,402.5116
2870.0,422.2791
2871.0,441.5294
2872.0,451.3488
2873.0,451.5349
2874.0,487.5349
2875.0,491.1529
2876.0,493.5581
2877.0,525.0588
2878.0,534.0
2879.0,516.3953
2880.0,549.6706
2881.0,525.6279
2882.0,506.3294
2883.0,502.4419
2884.0,503.9059
2885.0,494.0
2886.0,463.4118
2887.0,453.6279
2888.0,450.3529
2889.0,449.186
2890.0,426.5176
2891.0,390.0
2892.0,386.1882
2893.0,376.0235
2894.0,379.3647
2895.0,365.2558
2896.0,373.9765
2897.0,370.8706
2898.0,371.0465
2899.0,367.2941
2900.0,356.0
2901.0,356.0
2902.0,351.4186
2903.0,340.2118
2904.0,335.6
2905.0,349.5294
2906.0,341.4353
2907.0,341.5765
2908.0,353.1529
2909.0,347.6941
2910.0,355.6279
2911.0,356.2588
2912.0,352.4
2913.0,361.7647
2914.0,387.9765
2915.0,408.0235
2916.0,409.0588
2917.0,434.4706
2918.0,454.4286
2919.0,464.6588
2920.0,491.8588
2921.0,545.6
2922.0,574.7529
2923.0,609.5765
2924.0,640.1647
2925.0,666.8571
2926.0,684.5882
2927.0,719.4118
2928.0,720.9412
2929.0,712.7059
2930.0,723.9294
2931.0,711.2235
2932.0,663.7647
2933.0,617.7619
2934.0,582.6588
2935.0,568.5647
2936.0,550.6667
2937.0,515.6235
2938.0,504.8
2939.0,472.119
2940.0,446.1412
2941.0,422.0
2942.0,400.9412
2943.0,368.0
2944.0,352.8471
2945.0,326.9286
2946.0,331.0588
2947.0,291.9294
2948.0,273.0952
2949.0,273.2471
2950.0,253.2857
2951.0,248.9412
2952.0,232.0471
2953.0,237.5238
2954.0,238.7294
2955.0,234.4762
2956.0,235.0
2957.0,234.0
2958.0,253.4118
2959.0,238.7619
2960.0,248.0476
2961.0,254.1429
2962.0,251.1294
2963.0,250.381
2964.0,265.0588
2965.0,288.8333
2966.0,287.5714
2967.0,306.7381
2968.0,321.7647
2969.0,315.3333
2970.0,337.7143
2971.0,317.9524
2972.0,334.2588
2973.0,320.1667
2974.0,328.7143
2975.0,317.4048
2976.0,315.0238
2977.0,303.1429
2978.0,296.2824
2979.0,313.1429
2980.0,257.9048
2981.0,256.2857
2982.0,241.0476
2983.0,213.7143
2984.0,208.0
2985.0,196.9524
2986.0,182.4762
2987.0,167.4286
2988.0,148.8571
2989.0,147.9048
2990.0,150.9048
2991.0,133.3095
2992.0,130.9286
2993.0,131.4524
2994.0,130.1667
2995.0,112.9157
2996.0,103.381
2997.0,105.0
2998.0,108.0
2999.0,95.6667
3000.0,95.5
3001.0,88.3571
3002.0,84.9286
3003.0,93.9518
3004.0,89.4286
3005.0,91.5181
3006.0,81.0
3007.0,81.5238
3008.0,84.7229
3009.0,79.0
3010.0,75.9518
3011.0,74.9048
3012.0,77.1667
3013.0,72.3133
3014.0,70.0
3015.0,77.9048
3016.0,67.9518
3017.0,65.6667
3018.0,69.1807
3019.0,64.4048
3020.0,66.0
3021.0,67.6867
3022.0,61.1429
3023.0,62.4578
3024.0,56.8571
3025.0,67.8554
3026.0,60.7619
3027.0,64.0
3028.0,58.0964
3029.0,60.2857
3030.0,60.0241
3031.0,58.0
3032.0,58.7711
3033.0,62.3614
3034.0,57.7143
3035.0,54.0241
3036.0,49.1429
3037.0,51.6867
3038.0,52.7229
3039.0,51.2289
3040.0,50.0
3041.0,49.6145
3042.0,44.8193
3043.0,47.2289
3044.0,56.8099
3045.0,47.877
3046.0,42.5733
3047.0,51.0548
3048.0,52.163
3049.0,48.6404
3050.0,45.7956
3051.0,43.518
3052.0,43.8216
3053.0,47.2872
3054.0,50.2921
3055.0,46.5153
3056.0,43.5297
3057.0,45.9867
3058.0,48.6792
3059.0,47.3105
3060.0,44.1237
3061.0,42.8765
3062.0,45.0277
3063.0,42.3544
3064.0,44.8635
3065.0,44.2574
3066.0,44.3728
3067.0,39.6436
3068.0,42.0156
3069.0,42.5099
3070.0,38.6169
3071.0,42.3174
3072.0,41.8161
3073.0,41.3686
3074.0,40.7447
3075.0,40.7515
3076.0,39.2386
3077.0,41.6851
3078.0,44.6354
3079.0,42.8816
3080.0,38.1049
3081.0,43.832
3082.0,44.368
3083.0,42.1233
3084.0,41.6648
3085.0,41.4146
3086.0,39.5808
3087.0,40.9148
3088.0,39.1364
3089.0,39.3924
3090.0,38.0707
3091.0,41.1489
3092.0,41.1679
3093.0,39.1667
3094.0,42.401
3095.0,39.8132
3096.0,38.3634
3097.0,39.9751
3098.0,40.9575
3099.0,39.9935
3100.0,39.564
3101.0,42.1719
3102.0,38.9005
3103.0,37.2817
3104.0,39.6083
3105.0,37.792
3106.0,36.513
3107.0,39.4857
3108.0,33.8842
3109.0,36.7833
3110.0,37.8913
3111.0,33.6376
3112.0,36.7154
3113.0,39.6459
3114.0,35.8791
3115.0,38.7823
3116.0,40.7043
3117.0,38.534
3118.0,35.3816
3119.0,36.3967
3120.0,39.9872
3121.0,35.5364
3122.0,40.9334
3123.0,40.4357
3124.0,39.137
3125.0,35.2707
3126.0,41.431
3127.0,40.998
3128.0,34.6829
3129.0,37.1807
3130.0,36.1707
3131.0,36.1707
3132.0,32.9756
3133.0,40.6829
3134.0,35.3494
3135.0,34.6098
3136.0,37.9756
3137.0,39.5904
3138.0,39.6585
3139.0,35.6585
3140.0,35.4146
3141.0,34.122
3142.0,37.122
3143.0,37.0
3144.0,35.439
3145.0,34.1446
3146.0,32.2927
3147.0,34.7317
3148.0,39.5122
3149.0,37.1707
3150.0,36.0
3151.0,36.0
3152.0,35.0732
3153.0,36.7317
3154.0,36.1951
3155.0,39.7805
3156.0,40.6667
3157.0,41.5122
3158.0,38.0
3159.0,44.0
3160.0,36.0
3161.0,36.0
3162.0,36.0
3163.0,37.7561
3164.0,38.0
3165.0,38.6341
3166.0,40.0
3167.0,38.4691
3168.0,38.0
3169.0,42.7561
3170.0,35.439
3171.0,41.0488
3172.0,44.2469
3173.0,45.0244
3174.0,38.5366
3175.0,42.9136
3176.0,35.8537
3177.0,37.9512
3178.0,44.2439
3179.0,37.122
3180.0,37.3333
3181.0,39.7805
3182.0,37.7778
3183.0,36.6829
3184.0,40.2439
3185.0,37.2593
3186.0,34.1481
3187.0,45.5122
3188.0,45.8765
3189.0,43.8293
3190.0,40.1707
3191.0,42.5854
3192.0,43.037
3193.0,40.3902
3194.0,42.0
3195.0,45.9012
3196.0,42.8642
3197.0,44.0976
3198.0,46.5185
3199.0,42.1463
3200.0,40.0
